Title,Link,Description
"Early Generative AI and its impact on Automotive industry, ...",https://www2.deloitte.com/cz/en/pages/technology/articles/early-generative-ai-and-its-impact-on-automotive-industry.html,"Early Generative AI and its impact on Automotive industry, ... can be explored further at [this link](https://www2.deloitte.com/cz/en/pages/technology/articles/early-generative-ai-and-its-impact-on-automotive-industry.html)."
Deloitte Survey on AI Adoption in Manufacturing,https://www2.deloitte.com/cn/en/pages/consumer-industrial-products/articles/ai-manufacturing-application-survey.html,Deloitte Survey on AI Adoption in Manufacturing can be explored further at [this link](https://www2.deloitte.com/cn/en/pages/consumer-industrial-products/articles/ai-manufacturing-application-survey.html).
deloitte-cn-cip-ai-manufacturing-application-survey-en- ...,https://www2.deloitte.com/content/dam/Deloitte/cn/Documents/cip/deloitte-cn-cip-ai-manufacturing-application-survey-en-200116.pdf,deloitte-cn-cip-ai-manufacturing-application-survey-en- ... can be explored further at [this link](https://www2.deloitte.com/content/dam/Deloitte/cn/Documents/cip/deloitte-cn-cip-ai-manufacturing-application-survey-en-200116.pdf).
How our new AI car damage recognition application may ...,https://www.deloitte.com/lu/en/products/deloitte-ai-car-damage-recognition.html,How our new AI car damage recognition application may ... can be explored further at [this link](https://www.deloitte.com/lu/en/products/deloitte-ai-car-damage-recognition.html).
Software-defined Vehicles | Deloitte US,https://www2.deloitte.com/us/en/pages/consumer-business/topics/automotive-software-trends.html,Software-defined Vehicles | Deloitte US can be explored further at [this link](https://www2.deloitte.com/us/en/pages/consumer-business/topics/automotive-software-trends.html).
"Early Generative AI and its impact on Automotive industry, ...",https://www2.deloitte.com/cz/en/pages/technology/articles/early-generative-ai-and-its-impact-on-automotive-industry.html,"Consider implementing: Early Generative AI and its impact on Automotive industry, .... More details can be found at [this link](https://www2.deloitte.com/cz/en/pages/technology/articles/early-generative-ai-and-its-impact-on-automotive-industry.html)."
Deloitte Survey on AI Adoption in Manufacturing,https://www2.deloitte.com/cn/en/pages/consumer-industrial-products/articles/ai-manufacturing-application-survey.html,Consider implementing: Deloitte Survey on AI Adoption in Manufacturing. More details can be found at [this link](https://www2.deloitte.com/cn/en/pages/consumer-industrial-products/articles/ai-manufacturing-application-survey.html).
Disruption in the automotive industry Implementing ...,https://www2.deloitte.com/content/dam/Deloitte/uk/Documents/ConsumerIndustrialProducts/deloitte-uk-deloitte-insight-implementing-advanced-analytics.pdf,Consider implementing: Disruption in the automotive industry Implementing .... More details can be found at [this link](https://www2.deloitte.com/content/dam/Deloitte/uk/Documents/ConsumerIndustrialProducts/deloitte-uk-deloitte-insight-implementing-advanced-analytics.pdf).
AI and Motor Vehicle Agencies,https://www2.deloitte.com/content/dam/Deloitte/us/Documents/public-sector/deloitte-dmv-ai.pdf,Consider implementing: AI and Motor Vehicle Agencies. More details can be found at [this link](https://www2.deloitte.com/content/dam/Deloitte/us/Documents/public-sector/deloitte-dmv-ai.pdf).
Manufacturing AI with Computer Vision,https://www2.deloitte.com/us/en/blog/business-operations-room-blog/2022/computer-vision-manufacturing-ai.html,Consider implementing: Manufacturing AI with Computer Vision. More details can be found at [this link](https://www2.deloitte.com/us/en/blog/business-operations-room-blog/2022/computer-vision-manufacturing-ai.html).
